geoid,name,estimate_total,estimate_total_male,estimate_total_male_under_5_years,estimate_total_male_5_to_9_years,estimate_total_male_10_to_14_years,estimate_total_male_15_to_17_years,estimate_total_male_18_and_19_years,estimate_total_male_20_years,estimate_total_male_21_years,estimate_total_male_22_to_24_years,estimate_total_male_25_to_29_years,estimate_total_male_30_to_34_years,estimate_total_male_35_to_39_years,estimate_total_male_40_to_44_years,estimate_total_male_45_to_49_years,estimate_total_male_50_to_54_years,estimate_total_male_55_to_59_years,estimate_total_male_60_and_61_years,estimate_total_male_62_to_64_years,estimate_total_male_65_and_66_years,estimate_total_male_67_to_69_years,estimate_total_male_70_to_74_years,estimate_total_male_75_to_79_years,estimate_total_male_80_to_84_years,estimate_total_male_85_years_and_over,estimate_total_female,estimate_total_female_under_5_years,estimate_total_female_5_to_9_years,estimate_total_female_10_to_14_years,estimate_total_female_15_to_17_years,estimate_total_female_18_and_19_years,estimate_total_female_20_years,estimate_total_female_21_years,estimate_total_female_22_to_24_years,estimate_total_female_25_to_29_years,estimate_total_female_30_to_34_years,estimate_total_female_35_to_39_years,estimate_total_female_40_to_44_years,estimate_total_female_45_to_49_years,estimate_total_female_50_to_54_years,estimate_total_female_55_to_59_years,estimate_total_female_60_and_61_years,estimate_total_female_62_to_64_years,estimate_total_female_65_and_66_years,estimate_total_female_67_to_69_years,estimate_total_female_70_to_74_years,estimate_total_female_75_to_79_years,estimate_total_female_80_to_84_years,estimate_total_female_85_years_and_over,estimate_total_white_alone,estimate_total_black_or_african_american_alone,estimate_total_american_indian_and_alaska_native_alone,estimate_total_asian_alone,estimate_total_native_hawaiian_and_other_pacific_islander_alone,estimate_total_some_other_race_alone,estimate_total_two_or_more_races,estimate_total_not_hispanic_or_latino,estimate_total_hispanic_or_latino,estimate_total_occupied,estimate_total_vacant,estimate_total_owner_occupied,estimate_total_renter_occupied,estimate_total_less_than_10_0_percent,estimate_total_10_0_to_14_9_percent,estimate_total_15_0_to_19_9_percent,estimate_total_20_0_to_24_9_percent,estimate_total_25_0_to_29_9_percent,estimate_total_30_0_to_34_9_percent,estimate_total_35_0_to_39_9_percent,estimate_total_40_0_to_49_9_percent,estimate_total_50_0_percent_or_more,estimate_total_housing_units_with_a_mortgage,estimate_total_housing_units_with_a_mortgage_less_than_10_0_percent,estimate_total_housing_units_with_a_mortgage_10_0_to_14_9_percent,estimate_total_housing_units_with_a_mortgage_15_0_to_19_9_percent,estimate_total_housing_units_with_a_mortgage_20_0_to_24_9_percent,estimate_total_housing_units_with_a_mortgage_25_0_to_29_9_percent,estimate_total_housing_units_with_a_mortgage_30_0_to_34_9_percent,estimate_total_housing_units_with_a_mortgage_35_0_to_39_9_percent,na
01,Alabama,5054253,2453419,150161,155951,168645,101171,71148,38851,33412,95300,161089,159596,149776,153741,148020,155381,158479,65113,98169,59301,78085,109003,70569,43362,29096,2600834,144256,148657,162282,96878,72654,36767,36355,93463,162502,168150,160148,160832,155805,161834,168617,71804,105036,65936,92132,127678,90834,61366,56848,3303370,1318507,22491,71969,2564,107302,228050,4782613,271640,1969105,347087,1377062,592043,26335,53132,66535,62694,56753,46089,31755,44561,128582,752484,87495,167902,153086,102886,63212,41115,28259,31699
02,Alaska,733971,385319,24436,27335,25291,14496,9943,5338,6031,17327,30531,30725,28714,24602,22226,22601,23076,10363,13431,8693,11635,13725,7576,4474,2750,348652,23389,24440,24587,14484,7571,4409,3804,13187,25463,27517,25523,22678,19735,19706,21116,8885,13196,8053,10792,13058,8642,4657,3760,445545,22774,101226,47099,11379,16144,89804,681498,52473,267865,59745,178369,89496,4381,7916,11522,11121,9073,7540,5992,7434,16363,107677,8222,18219,20138,17612,11691,8527,5096,6594
04,Arizona,7268175,3628694,203936,223974,239740,147371,99462,51200,50824,150974,260657,256006,238093,229186,211994,213330,211589,90084,125450,79429,112298,173545,127362,75786,56404,3639481,195563,213888,230208,140100,94559,45583,48874,141286,242611,239393,226155,219447,210424,213682,220265,93598,138735,87823,132023,193883,139219,87714,84448,4593653,336931,296794,249816,14434,595790,1180757,5012405,2255770,2796790,345653,1873231,923559,35020,70637,104368,115422,102684,80245,62372,83870,207164,1166951,112103,221673,234886,172691,111246,73277,49903,59233
05,Arkansas,3032651,1495958,93143,100745,104064,63501,42469,23027,20408,58769,98144,98587,96026,95288,89174,89652,94619,38045,54733,34793,45580,64544,45022,25300,20325,1536693,89295,95997,98081,61053,39356,19098,21501,58365,96126,99253,97814,94714,89467,90679,94949,41472,59393,38007,51772,74975,53421,36039,35866,2148886,452127,16893,47309,12040,91871,263525,2766818,265833,1189160,193504,786534,402626,18792,40902,50837,46733,38733,32095,21494,29358,75410,419173,51331,95227,88186,55355,35150,22784,13826,19236
06,California,39242785,19605882,1132543,1203889,1339524,794223,523955,266526,265217,774676,1460473,1534612,1436565,1323090,1234486,1251254,1216947,488052,657042,402041,533083,728703,468351,293939,276691,19636903,1081598,1149795,1270013,757427,501792,248910,247765,743734,1389406,1450376,1353301,1286019,1220447,1233122,1226964,494237,690319,436501,591283,843002,573159,386508,461225,17248779,2173343,445219,5997069,147827,6820303,6410245,23611955,15630830,13434847,1097836,7494811,5940036,186088,414143,633628,680212,637954,531004,399245,563009,1594285,5095484,321113,653308,840310,761020,580298,419776,297313,372981
08,Colorado,5810774,2942568,161034,169574,189841,115154,79491,40552,37045,120247,231774,242483,228744,207124,185776,179715,173418,71739,100504,64286,84072,116758,68907,38404,35926,2868206,154436,164264,178424,108155,71790,34421,34322,113490,212441,220691,208874,193870,174302,171277,174672,73435,105138,66529,93399,126102,81378,51906,54890,4268784,232985,58576,187534,8647,315713,738535,4519696,1291078,2325576,219548,1542215,783361,22575,53111,87563,98216,95052,74055,53970,71814,190057,1077887,86992,176294,211054,168949,116478,77701,53870,62577
09,Connecticut,3598348,1765117,92968,98690,111538,71618,49690,24119,22288,73290,113992,114219,114249,109923,105821,120200,126271,52967,73373,43414,56127,77643,50429,31979,30309,1833231,88272,96700,105759,68453,48384,23320,21978,68428,108636,112924,114798,112491,110811,125711,134487,55365,75843,46225,62988,89626,62793,42177,57062,2431342,384753,9569,170954,1806,256744,343180,2957680,640668,1420170,115879,939912,480258,18234,35967,54028,55952,55261,39631,30661,40701,120248,614346,45689,100989,122278,96245,64614,43229,29228,33971
10,Delaware,1005872,487585,27732,29301,31112,18660,13050,6645,6449,16443,30881,32935,30819,28699,26838,29813,33400,13058,20879,12154,18492,26283,16249,10279,7414,518287,26813,28438,29832,18508,13443,6951,6069,15984,30894,33636,29673,31910,28613,32247,34745,16292,23855,15762,21345,28754,19854,12492,12177,621799,220645,3744,41164,403,41233,76884,898043,107829,396209,61749,286340,109869,4273,8287,14473,12215,13214,9532,7435,8471,25150,184620,18798,36961,35835,27765,18039,11206,8039,8956
11,District of Columbia,672079,320001,20900,16631,18140,8063,7941,3461,3489,12902,33035,37060,30450,23965,18475,17738,16897,6179,9119,5577,7063,9243,6560,3700,3413,352078,20016,18833,15070,8022,9504,4018,4416,16267,40335,39842,31505,24617,18542,17194,16232,7303,10417,6856,8454,12813,9016,6360,6446,262549,290772,2044,27465,378,32338,56533,594319,77760,321556,34545,132288,189268,10033,15949,23826,24953,21727,19033,11970,13037,39573,100754,9425,20013,18856,16026,10504,6307,4401,4957
12,Florida,21928881,10773620,569527,595424,648071,388497,258073,127499,127489,387124,683899,724968,700637,673743,656889,692944,719040,298553,418041,263927,371669,557970,424984,258617,226035,11155261,544801,571351,614542,373153,245708,127027,129008,371288,663694,707335,687968,675765,668191,707299,765306,316725,458569,304048,424848,644517,488763,326914,338441,13136701,3363769,66779,628137,13136,1222567,3497792,16063144,5865737,8550911,1531445,5756809,2794102,67025,153531,256411,305396,298049,254780,201359,290315,789209,3256684,244299,489343,583011,474779,344501,243442,174427,211346
13,Georgia,10822590,5281762,327550,351395,384351,235542,152700,77338,75125,217272,368321,366516,352802,348682,337042,347031,334450,130589,178324,109744,141454,196035,125036,70397,54066,5540828,311561,338808,368035,224830,148188,74102,74584,208149,372134,382604,375318,367813,356994,360642,356684,138457,197394,123268,166927,237647,159872,98517,98300,5677531,3391689,42058,472915,7338,448586,782473,9664291,1158299,4008013,475860,2619529,1388484,50020,109991,155931,163876,143601,113683,90457,121694,333991,1672972,167253,340484,333631,246804,151746,103314,65932,81706
15,Hawaii,1445635,727473,42350,43510,45066,24677,15755,8376,10087,30117,49801,51069,51009,46452,42556,43979,44801,18809,26930,17557,25055,36378,24999,14088,14052,718162,39671,39930,42876,23392,13769,7121,7688,23899,45244,48387,48563,45129,41908,43341,44171,18369,29191,20071,26442,37542,28041,17938,25479,325356,27740,3835,538807,149030,24334,376533,1303410,142225,488991,75914,305869,183122,6606,11667,17885,19439,18088,17196,12513,17733,47595,194502,14063,22259,29522,26878,21903,17268,11982,15842
16,Idaho,1893296,952080,57953,65629,70855,43375,27822,13809,14065,37532,62964,62299,62944,62297,55712,53711,54200,23288,33891,21949,28906,43502,26831,16749,11797,941216,55313,62321,67122,40599,32908,12978,12233,34463,58882,61010,60460,60545,52535,51841,54495,23252,35602,23909,29936,44750,29865,18118,18079,1578020,14108,21532,24979,3098,92163,159396,1640830,252466,693821,82862,502140,191681,8786,16074,24599,24657,21389,17091,13230,16441,35005,316529,29907,57860,64049,49114,29967,21960,14999,16223
17,Illinois,12692653,6270399,362400,392301,419982,260929,168464,83209,80129,251727,430614,437015,431197,415213,391454,402253,412341,167115,228680,143359,186138,257422,159244,100106,89107,6422254,346230,376630,400045,250362,158966,77390,77961,247321,425820,429453,426799,407872,390807,403341,416744,175460,244596,153364,211428,294517,202434,138318,166396,8038512,1750414,66990,738308,5514,920254,1172661,10344535,2348118,5001904,441597,3343034,1658870,72101,154929,208770,202953,173546,134972,93662,126999,371421,2056770,173619,388168,424164,314821,207386,131780,86359,104781
18,Indiana,6811752,3377011,211427,226008,236178,145150,98798,48264,50572,138577,226996,222664,218069,213451,203190,209680,215512,87251,125111,74600,103415,140212,86293,51649,43944,3434741,200396,212084,226673,138155,91236,48200,46798,133932,221268,220732,216929,211642,201518,208150,217683,91585,131570,82112,111344,159873,107887,71441,83533,5347678,630680,17208,172936,2345,213942,426963,6242342,569410,2681537,271807,1886485,795052,32594,73776,100110,94454,84894,67076,47645,61618,170962,1211815,150243,297991,260758,163913,98580,63290,38724,45949
19,Iowa,3195937,1601453,96761,106024,107954,66992,48704,25345,23322,66897,102959,100257,105145,101840,90618,94126,98542,43613,62377,37422,52806,71794,42624,28727,26604,1594484,91819,98896,104565,63568,44765,24368,22885,62596,95567,97088,100374,95492,87236,90645,98563,44488,62465,39478,54398,75965,52918,38674,47671,2735263,123234,10998,78267,4396,64571,179208,2972466,223471,1303763,123412,932618,371145,19087,39423,49558,46367,39224,29485,19974,25656,74094,556909,55499,126450,127398,83619,51527,30752,19599,21128
20,Kansas,2937569,1473655,92412,100547,105074,64157,44225,24327,23362,65526,97571,95098,101031,90599,83475,84446,87889,37778,54243,34308,45163,59681,37843,23124,21776,1463914,87048,94796,100765,60022,41518,20535,20323,59639,90953,92336,96989,87152,79901,82179,88344,39379,57271,34170,46903,68677,43998,31629,39387,2289052,159829,21898,86212,2586,115004,262988,2548055,389514,1160715,124506,776311,384404,18905,40656,52166,51659,39435,31178,21268,29664,73188,448091,39467,94177,103071,71496,42531,26147,17282,18296
21,Kentucky,4510725,2233870,137243,146315,149526,91518,57922,31380,29931,91275,152348,147832,142631,140474,138175,142693,145176,59889,84658,50231,72306,98834,61544,36187,25782,2276855,130120,136609,144668,86747,55567,29027,29316,85404,143179,145281,142819,139601,137419,142409,149606,63652,92320,59478,78186,110159,77249,49276,48763,3774581,355237,7610,68482,3737,67198,233880,4298562,212163,1791991,218664,1223574,568417,27759,58715,68977,62933,60604,43903,32173,38030,112518,694663,75568,155073,151640,95963,60560,37245,26806,29496
22,Louisiana,4621025,2262822,147818,152833,160719,95119,60378,32831,31020,89423,151182,156722,156237,145840,129356,133264,140231,59317,84752,50563,68407,96681,58693,32967,28469,2358203,141253,144153,156292,90476,56736,35055,32157,84508,152376,162216,160350,147624,133480,137914,149319,64654,91566,55986,80450,110625,74878,46276,49859,2678942,1434953,27605,79925,2884,107185,289531,4300003,321022,1783168,310834,1200407,582761,25057,44612,56356,56166,51078,42633,32572,46491,151251,628033,66521,124898,123690,85263,57930,36564,27142,31620
23,Maine,1377400,678363,32281,35182,38170,23918,17164,8933,7180,22639,40381,43084,42065,40101,40274,45122,49176,22149,31882,19668,28456,39069,25038,14767,11664,699037,30634,34496,34477,22724,16143,7634,8600,20595,39578,43192,42466,40520,40568,45950,52782,23233,32946,22177,29661,42764,27852,19280,20765,1258122,23145,6237,15318,276,9593,64709,1348791,28609,589085,157467,436029,153056,5915,11697,18775,17342,19930,14899,10457,10923,28783,256435,21902,48421,53028,38395,25513,16603,11268,13206
24,Maryland,6170738,3002079,182914,193230,203989,122443,78119,38262,36983,109846,195565,210307,211247,195961,185417,198438,203244,82929,114137,65466,88482,120245,76538,47263,41054,3168659,176426,185013,194158,117763,76283,35838,35126,111532,197342,215239,217921,204542,194056,211178,217609,88191,126271,76025,102119,145467,98799,65947,75814,3060731,1825880,23158,398305,2556,401540,458568,5426466,744272,2339510,206022,1578702,760808,25821,57431,87431,96350,85261,65920,50588,68698,182896,1128986,96059,209986,236237,173094,113734,76311,49462,53961
25,Massachusetts,6992395,3416765,179662,188367,204240,129192,100538,48321,47064,139683,245477,248496,230755,214775,204806,226103,239943,94192,135038,81497,109188,146551,93265,56501,53111,3575630,170673,177973,195678,122623,104233,47721,47612,143185,242658,247521,234061,218985,212313,235953,247809,96780,148616,87014,121467,175721,117757,77656,101621,4945674,489390,16406,494890,2593,379870,663572,6087716,904679,2762070,252587,1728986,1033084,42471,80996,114755,121403,119014,94338,66936,85232,251686,1159853,88891,193702,225037,181234,121759,82725,56753,65809
26,Michigan,10051595,4982079,281634,304128,319024,200791,133263,70801,69349,200696,338964,330832,306895,300264,291992,321015,334261,143125,205871,125793,170545,230093,141676,86186,74881,5069516,267907,283986,306804,190519,128483,67374,69151,190233,323747,322127,308908,293418,294932,322557,343549,142968,217120,135034,183026,260991,169462,114016,133204,7516312,1346689,46010,329676,2670,176786,633452,9474787,576808,4040168,559515,2946157,1094011,43771,97336,127069,125101,115451,91155,63239,86850,259485,1723898,178105,375469,364063,250497,154469,100587,63984,74837
27,Minnesota,5713716,2862134,173085,187961,194008,117404,74660,35112,36844,106837,187384,195574,201153,189928,166543,175348,186745,77022,112110,65644,90615,122538,73626,48186,43807,2851582,166020,176433,188767,113581,70790,36437,34858,103329,180256,186662,193789,180273,158997,168997,183559,78419,112688,68136,95111,129915,88806,60458,75301,4476710,388789,50833,289148,2376,151560,354300,5360108,353608,2282967,236571,1652534,630433,24760,54971,78518,83065,73602,57002,37911,49465,136706,1069993,93488,219550,239175,169728,104682,66545,41048,46758
28,Mississippi,2951438,1431521,91013,90529,107908,63287,44322,21916,21173,58035,92652,90441,89573,90215,85186,87482,88016,38275,54075,32523,43528,63032,39430,22302,16608,1519917,86132,91470,100150,61846,43362,22569,20769,56659,93181,94756,94963,96409,90473,92894,94318,40486,61788,38371,50488,72346,49270,34044,33173,1661873,1090777,13181,28918,1411,49104,106174,2845312,106126,1131760,201051,786289,345471,13563,29692,33667,35778,31932,26934,19207,26861,74659,391397,39785,83357,73937,52323,36776,23735,16915,18818
29,Missouri,6168181,3040690,184154,197790,203196,125612,82642,41227,42326,120980,202862,203538,203536,189205,176416,183408,196640,84561,119132,72593,96526,132094,85638,50703,45911,3127491,175761,184286,196393,119379,78657,40152,40508,117686,200202,206439,201885,188765,177477,186609,203069,87579,126980,77896,106695,154394,104902,74626,77151,4831646,686616,16830,127846,9681,106663,388899,5856257,311924,2484834,324667,1688072,796762,34366,78582,105670,98128,85690,65278,46685,59406,160193,1022850,108405,228192,220276,152846,92473,58178,35480,42123
30,Montana,1105072,560035,30383,33436,35878,21428,14334,7365,8029,22945,36492,36965,37434,35381,30774,31468,33414,16102,23399,14337,21618,30483,19304,10812,8254,545037,28449,31791,33542,20035,12399,8046,7439,19238,33891,34906,34831,33594,29368,30022,35152,15936,23541,15999,22388,29665,19644,12309,12852,946776,6015,63108,9197,485,13423,66068,1056553,48519,452683,70256,314266,138417,8679,12452,16885,15713,14633,11804,8144,10171,26707,172686,12658,28298,34710,27316,18667,12849,8426,9962
31,Nebraska,1965926,987506,64916,68396,72693,43190,28198,13923,13792,42056,65142,64579,67793,62978,56350,56246,57339,26005,36536,21887,29936,40365,24585,15998,14603,978420,62089,65474,67392,40600,26433,12798,13288,40432,62321,61788,64224,60208,53087,53777,56768,25490,37460,22484,31884,44783,29249,20694,25697,1570391,93595,19581,49107,933,83156,149163,1723700,242226,786885,68746,523603,263282,12441,28253,35016,32690,28825,21649,14772,20810,50200,308676,27472,63762,71320,49409,29896,18053,10674,12930
32,Nevada,3141000,1582476,90263,96522,105634,62096,36039,18806,19621,55446,112071,118849,113062,107457,99361,102867,100288,39678,56973,35047,48053,71013,48412,26400,18518,1558524,86694,93457,98974,59231,32840,18782,16159,54355,107814,114167,107745,102396,97022,98689,99135,38423,57667,38323,52408,76024,51648,29638,26933,1670302,295802,41434,274032,22581,370951,465898,2223943,917057,1183393,123945,701914,481479,14075,34144,53672,54538,51297,42852,32106,48247,123456,465911,39105,76165,85907,70486,49008,32434,22963,26318
33,New Hampshire,1387834,692568,32082,35493,38937,24974,18324,9472,8669,25362,44584,46703,43378,42201,40573,48031,53884,22450,31694,19175,26046,35409,21998,12575,10554,695266,31123,33009,37540,23748,17858,9079,8436,24506,40889,43689,42881,39734,40721,47740,53855,23013,32677,19250,25751,39865,25154,16904,17844,1234149,21164,1923,35818,283,17835,76662,1325076,62758,551186,93067,399663,151523,4984,11631,19391,19153,20023,14052,9907,13009,31444,252590,16840,39146,53376,44786,27595,19656,12368,14652
34,New Jersey,9267014,4558671,269558,284170,299733,185644,114975,56183,54114,170699,293384,307719,310737,300518,292966,310469,320812,125593,174823,103751,135111,184809,120304,75871,66728,4708343,256842,268215,289583,177577,107019,51835,51730,169917,287301,300603,308402,298507,296795,320010,329001,132673,189091,114308,154741,216263,156326,105094,126510,5276142,1201053,41900,918644,2658,848026,978591,7234046,2032968,3478355,297487,2215482,1262873,47899,101781,150728,153645,137739,105946,78141,107751,318641,1425712,92699,206438,270882,231445,158805,106717,75483,91308
35,New Mexico,2114768,1050368,58047,65726,70614,43099,30141,14115,15183,43276,71132,71760,69661,67068,58335,58990,61416,27167,41567,25261,35841,52256,32799,20235,16679,1064400,54902,61550,70343,42336,27216,14150,13243,39828,67369,68966,67308,63517,59212,60229,66906,29115,44125,27837,41630,56362,37259,24919,26078,1133871,44709,201346,36065,2049,253794,442934,1096447,1018321,825021,124503,572064,252957,11380,22096,28327,26129,26038,19296,14542,20888,56975,299730,28178,56789,58228,41528,28551,17704,13247,15923
36,New York,19872319,9702417,563327,563780,612553,364037,256388,121206,127798,377956,694069,718807,656591,615145,583007,632575,656429,265455,374033,227164,296715,413134,264897,162697,154654,10169902,539634,539166,579144,347636,253442,122055,126402,381657,707560,715027,661214,621279,602968,656011,693348,285091,396343,247361,333147,493265,339991,240966,287195,11340944,2927008,102927,1769224,9671,1949904,1772641,15973667,3898652,7668956,870580,4164793,3504163,177766,301122,388763,382196,354033,299308,208861,275560,922344,2436230,213855,398732,436005,345042,238471,170544,117547,148567
37,North Carolina,10584340,5177887,305944,322473,346594,210939,150474,74663,74561,216518,351319,350887,332532,328283,324281,339614,332499,136457,187858,117645,155744,226215,145439,81481,65467,5406453,292369,309444,331320,203740,143957,72835,68340,198359,351320,361930,341369,343442,336273,350284,352332,145199,208904,131244,183073,267514,181266,113450,118489,6695587,2178329,110873,333844,6153,506289,753265,9425590,1158750,4186924,628271,2778672,1408252,58445,125468,169249,172198,145956,119329,85168,115421,295663,1721752,188850,366746,355267,242664,153569,97549,67532,77777
38,North Dakota,779361,399126,26056,27244,26266,14601,12578,6766,6530,18990,29886,29872,27973,25851,20298,20933,22042,9614,14763,8693,12095,15767,9930,6181,6197,380235,25316,24985,25928,14396,11299,5524,6334,17399,26120,25874,25873,21381,18038,19222,22329,9855,13105,8956,11516,15983,11321,8307,11174,653820,25209,34916,12187,1127,11146,40956,744398,34963,325079,49787,206123,118956,7993,16236,16647,15311,12051,8053,6378,8084,20090,108022,10723,23034,24300,17243,10499,6074,3980,4906
39,Ohio,11780046,5809077,345363,367703,385328,237234,156320,81429,78473,217108,390151,390834,369262,361660,342922,371079,386062,158762,229272,144584,188471,263968,157864,98608,86620,5970969,330253,347093,370191,227014,148253,76377,74337,214226,380249,388906,368010,360447,344963,370183,394119,169812,243608,156791,212264,297197,200754,138752,157170,9167192,1446466,17151,288117,4229,186517,670374,11242487,537559,4829571,442002,3235568,1594003,72162,160651,207819,192863,176673,125646,88770,117650,333384,1983054,217321,459575,439378,283566,170845,103875,69360,80220
40,Oklahoma,3995260,1988686,126474,135672,145506,84881,57001,29981,31692,83977,136616,136928,136288,127550,115536,114586,116461,48006,71815,43179,57883,79484,53095,33141,22934,2006574,121172,131978,136035,81665,54195,29123,28175,76408,131019,134038,133547,123091,113793,113293,120327,50440,75817,44463,63394,94285,64297,42754,43265,2668453,282536,295365,93550,7706,136607,511043,3504463,490797,1542780,220256,1015207,527573,24247,51827,65474,63441,52401,41655,30040,39792,105814,548031,54784,114736,117611,80498,50956,31566,20859,25289
41,Oregon,4238714,2113849,109030,121246,131064,78765,51884,26128,26898,79200,146152,156831,151759,148464,133047,130805,127517,52613,77936,52126,71383,105663,64738,36182,34418,2124865,103455,112629,125667,74438,49240,24981,25798,77281,140481,150877,146250,144247,128774,126741,125649,57555,85702,55089,81903,115568,75812,44759,51969,3247656,81642,46276,188624,16973,198863,458680,3633247,605467,1701548,137083,1078343,623205,19247,46050,70397,76279,71482,54799,39778,55963,153549,704970,50006,112814,135412,110036,81011,54864,34176,42273
42,Pennsylvania,12986518,6400912,351518,373712,399281,246104,180183,86201,85215,233818,417123,441801,415066,391919,375125,413756,436946,180376,267372,163934,222491,301507,192335,116229,108900,6585606,333861,356408,380078,232849,179711,84590,82104,227739,404128,429979,411419,384214,374082,414961,447289,189377,281972,174940,242987,344080,237193,164340,207305,9844085,1393616,23921,480439,4614,445130,794713,11898786,1087732,5235339,544324,3629624,1605715,72992,150776,194591,190052,170329,129854,90303,126242,361086,2127016,217878,441368,454266,311246,194316,125306,81908,97798
44,Rhode Island,1095371,537173,27201,28188,31667,19886,16863,8928,8057,20849,37724,39754,35849,33339,30864,34887,37210,14869,22566,13516,17768,23983,16373,8843,7989,558198,26612,27951,28775,18200,18168,9349,7878,20294,36221,38012,34661,33006,31760,36319,37943,18156,23444,14733,20052,27014,19762,13386,16502,792361,63862,4855,38149,670,78252,117222,907868,187503,436902,47713,276344,160558,7402,12157,20101,21527,18325,15589,8441,13010,35230,184608,12665,28945,37985,30152,19600,13934,8382,10488
45,South Carolina,5212774,2537456,147716,156458,169258,101562,74637,36179,38537,94529,164124,166193,159217,157808,150166,158918,160458,67113,102296,59829,85316,127970,79946,45431,33795,2675318,140152,154216,159687,98013,68833,33802,34455,94366,165622,175703,167648,162719,158019,167387,175297,76219,111898,71803,101059,143983,98917,58478,57042,3339447,1318630,16823,89723,3642,142798,301711,4843874,368900,2070390,331248,1478858,591532,23362,45069,65903,63119,60130,48205,36549,48548,134711,850327,97133,174903,168202,117535,77541,50221,32941,40217
46,South Dakota,899194,455597,29251,31340,32245,19095,12572,6358,6830,17690,29529,30102,32070,26343,24538,24687,27381,12834,18128,12372,15089,20988,12015,7735,6405,443597,28870,30539,30428,18052,11601,5486,5310,17390,26381,28099,28040,25826,22952,23536,27866,12125,17597,11330,14763,21735,13377,9563,12731,733035,20149,69514,12554,606,12547,50789,857913,41281,358552,43812,246105,112447,7241,12721,16190,14499,12207,9187,5359,7577,17663,134621,12012,24795,29431,24080,13389,8729,5640,5662
47,Tennessee,6986082,3428050,209481,217871,230116,139917,88568,48885,44791,133556,240325,237485,222895,217821,211516,220698,220630,89378,128332,76251,107331,149580,97300,55473,39850,3558032,200194,207967,219506,132954,82756,45869,45693,132425,242908,242726,228090,220113,215738,225949,233343,96117,138729,85190,122176,172971,117803,76853,71962,5133249,1108897,17288,129226,5037,174679,417706,6489625,496457,2768743,326729,1855793,912950,38302,79950,105039,108532,97961,74523,57489,74437,191872,1082248,106203,225006,226955,159206,100339,65450,41796,49111
48,Texas,29640343,14789987,984702,1055152,1116898,667362,428716,206502,207568,626388,1075744,1095376,1071519,1026924,931697,895211,844580,334029,457853,275279,363990,488774,309308,179332,147083,14850356,943540,1003225,1075775,635876,402377,194438,196454,600739,1040874,1066918,1044093,998909,928818,890171,853526,345502,487342,297010,403811,570790,374272,242257,253639,15984990,3626137,190706,1581798,29841,2540808,5686063,17943209,11697134,10747240,1143568,6723729,4023511,132986,308463,473320,504949,438220,352091,272513,362879,923998,3782032,289360,648231,769441,600056,398301,258847,179534,210225
49,Utah,3331187,1686562,122090,134579,142219,86615,52449,25947,29267,87739,131037,119376,121493,113526,99341,84674,77084,32331,44193,27399,37542,50402,31476,19664,16119,1644625,116056,128170,132835,81568,52984,25081,26540,83964,123472,114821,114248,111007,93444,81165,77390,31116,46338,28522,39173,54774,35850,23972,22135,2688129,37772,33869,78887,31483,185734,275313,2818174,513013,1094896,98186,773345,321551,11881,28298,42329,42562,38663,29849,20668,27764,62903,535689,45880,98675,114630,85925,57002,36402,23706,26497
50,Vermont,645254,320321,14319,16855,17867,11598,10495,5576,4789,12368,19321,19567,19635,18987,18316,20785,22291,9975,14759,8944,12929,18171,10833,6515,5426,324933,13734,15146,17082,10576,10703,5158,4672,11320,18854,18930,20651,18728,18319,20754,22668,10308,16007,9844,13472,18575,12410,8707,8315,589835,7887,1273,10700,120,4413,31026,629196,16058,269466,67606,196162,73304,2630,5480,8514,8313,8967,6849,4785,5869,17127,118985,7656,19309,25146,20034,13063,8242,5254,7125
51,Virginia,8657499,4278490,253091,267495,281388,169561,123085,59094,59432,170609,292596,299497,299284,283512,266247,275418,280388,111540,155115,94474,124940,175225,114930,67670,53899,4379009,242190,250644,268429,161187,116851,56166,54674,164688,283946,296760,296398,284859,268785,281019,290176,117293,165922,103334,140535,204084,143048,93405,94616,5344175,1623031,27216,593606,5679,351544,712248,7728359,929140,3326260,328524,2234492,1091768,40594,93050,137971,132646,125701,91185,66712,90067,240436,1503837,138993,285281,317574,236342,148797,96801,61706,71320
53,Washington,7740984,3898212,224027,241253,247431,146087,91249,47516,48778,153470,295182,313858,292749,268896,236905,238936,230218,98176,143365,86410,118002,163847,102010,59455,50392,3842772,213406,226184,237752,139758,86903,40887,44821,142315,271758,292636,274835,256329,227780,230419,230476,99543,147773,92956,127395,183454,116351,73706,85335,5251386,306214,90212,727603,54406,430575,880588,6651375,1089609,3020558,242109,1929694,1090864,40122,89733,130625,139363,125222,101331,75223,94218,240542,1288686,91637,203795,250083,214083,148655,102688,63005,72486
54,West Virginia,1784462,890156,45830,49672,55205,33630,23842,12853,12741,31781,55399,54227,53860,55004,56030,58627,59597,24627,37315,24421,33521,48722,31908,18587,12757,894306,43478,48371,51515,31710,21657,11803,11040,30132,50873,51800,49580,56309,54206,57176,59196,26509,39878,25232,36122,54649,34565,23846,24659,1622009,58519,1532,13434,513,12055,76400,1748337,36125,721448,138205,536082,185366,8865,14984,19819,18259,16469,14648,9444,12300,37410,248687,35376,63377,51164,29550,19283,11611,7341,10158
55,Wisconsin,5892023,2950540,164365,178907,191830,119376,79497,42390,41730,115016,189232,187149,195037,182540,171479,185926,205030,85059,122310,73844,99994,140516,82470,52029,44814,2941483,156086,170583,180575,112588,77199,39934,41000,111364,180108,179421,187857,176598,165874,180490,206288,83806,123258,75960,106077,145844,94376,66810,79387,4791680,361890,43336,169891,2229,139011,383986,5434336,457687,2446028,304722,1660505,785523,35746,89370,110565,100709,84138,61364,43846,59613,152894,1026863,85867,214877,234642,160244,100827,60306,39096,45268
56,Wyoming,579761,296646,16365,19637,19608,12631,8055,4092,4079,11140,18996,19836,20818,19197,17079,16691,17989,7909,11764,7649,10712,14630,8583,5322,3864,283115,15583,17666,19554,11315,6879,3803,3479,10371,16831,18355,19269,18152,15468,15337,17696,7529,12267,7577,10899,13860,9338,5698,6189,498371,4982,11927,4792,499,18121,41069,519180,60581,238176,36955,171299,66877,4313,7101,8053,7403,7035,5551,3435,4823,12264,97730,7369,18200,21709,15674,9838,6938,4061,4927
72,Puerto Rico,3254885,1540987,54697,73360,89940,58985,42020,23371,23828,62913,111781,100075,87457,96115,96073,99693,99304,41885,60027,38868,52550,79971,65653,44919,37502,1713898,52358,68781,89904,55911,39412,21376,24423,61542,110857,104258,96330,108282,107671,112761,118605,50054,70439,45448,62684,103566,86752,63123,59361,1146311,237762,5598,6035,168,879626,979385,39061,3215824,1239243,335862,844228,395015,10615,18456,25846,26398,27866,18700,15452,19418,62468,316605,17972,44038,50951,43534,34960,24291,18398,22795
